Region,Sub Region,Country,Year,Count,Rate
Africa,Eastern Africa,Burundi,2008,4009,0.04009
Africa,Eastern Africa,Burundi,2009,4231,0.04231
Africa,Eastern Africa,Burundi,2010,3039,0.03039
Africa,Eastern Africa,Burundi,2011,4266,0.04266
Africa,Eastern Africa,Burundi,2012,4246,0.04246
Africa,Eastern Africa,Burundi,2013,4108,0.04108
Africa,Eastern Africa,Burundi,2014,4495,0.04495
Africa,Eastern Africa,Kenya,2004,7967,0.07967
Africa,Eastern Africa,Kenya,2005,6936,0.06936
Africa,Eastern Africa,Kenya,2006,5234,0.05234
Africa,Eastern Africa,Kenya,2007,3492,0.03492
Africa,Eastern Africa,Kenya,2008,3401,0.03401
Africa,Eastern Africa,Kenya,2009,2938,0.02938
Africa,Eastern Africa,Kenya,2010,2843,0.02843
Africa,Eastern Africa,Kenya,2011,3262,0.03262
Africa,Eastern Africa,Kenya,2012,3262,0.03262
Africa,Eastern Africa,Kenya,2013,3551,0.03551
Africa,Eastern Africa,Kenya,2014,3011,0.03011
Africa,Eastern Africa,Kenya,2015,2865,0.02865
Africa,Eastern Africa,Kenya,2016,2654,0.02654
Africa,Eastern Africa,Kenya,2017,2713,0.02713
Africa,Eastern Africa,Madagascar,2010,3131,0.03131
Africa,Eastern Africa,Madagascar,2011,2272,0.02272
Africa,Eastern Africa,Madagascar,2012,2192,0.02192
Africa,Eastern Africa,Madagascar,2013,2819,0.02819
Africa,Eastern Africa,Madagascar,2014,2165,0.02165
Africa,Eastern Africa,Madagascar,2015,1741,0.01741
Africa,Eastern Africa,Mauritius,2003,855,0.00855
Africa,Eastern Africa,Mauritius,2004,1047,0.01047
Africa,Eastern Africa,Mauritius,2005,1350,0.0135
Africa,Eastern Africa,Mauritius,2006,1217,0.01217
Africa,Eastern Africa,Mauritius,2007,1633,0.01633
Africa,Eastern Africa,Mauritius,2008,1441,0.01441
Africa,Eastern Africa,Mauritius,2009,1410,0.0141
Africa,Eastern Africa,Mauritius,2010,1085,0.01085
Africa,Eastern Africa,Mauritius,2011,814,0.00814
Africa,Eastern Africa,Mozambique,2004,7534,0.07534
Africa,Eastern Africa,Mozambique,2005,6826,0.06826
Africa,Eastern Africa,Mozambique,2006,5543,0.05543
Africa,Eastern Africa,Mozambique,2007,6008,0.06008
Africa,Eastern Africa,Mozambique,2008,5744,0.05744
Africa,Eastern Africa,Mozambique,2009,5267,0.05267
Africa,Eastern Africa,Rwanda,2008,1753,0.01753
Africa,Eastern Africa,Rwanda,2009,2103,0.02103
Africa,Eastern Africa,Rwanda,2010,2072,0.02072
Africa,Eastern Africa,Rwanda,2011,1766,0.01766
Africa,Eastern Africa,Rwanda,2012,2617,0.02617
Africa,Eastern Africa,Rwanda,2013,2772,0.02772
Africa,Eastern Africa,Uganda,2003,3904,0.03904
Africa,Eastern Africa,Uganda,2004,4919,0.04919
Africa,Eastern Africa,Uganda,2005,7309,0.07309
Africa,Eastern Africa,Uganda,2006,8167,0.08167
Africa,Eastern Africa,Uganda,2007,5666,0.05666
Africa,Eastern Africa,Uganda,2008,4258,0.04258
Africa,Eastern Africa,Uganda,2009,7519,0.07519
Africa,Eastern Africa,Uganda,2010,6025,0.06025
Africa,Eastern Africa,Uganda,2011,4174,0.04174
Africa,Eastern Africa,Uganda,2012,4194,0.04194
Africa,Eastern Africa,Uganda,2013,3620,0.0362
Africa,Eastern Africa,Uganda,2014,3644,0.03644
Africa,Eastern Africa,Uganda,2016,7257,0.07257
Africa,Eastern Africa,Uganda,2017,6850,0.0685
Africa,Eastern Africa,United Republic of Tanzania,2010,11915,0.11915
Africa,Eastern Africa,United Republic of Tanzania,2011,11834,0.11834
Africa,Eastern Africa,United Republic of Tanzania,2012,11956,0.11956
Africa,Eastern Africa,United Republic of Tanzania,2013,11020,0.1102
Africa,Eastern Africa,United Republic of Tanzania,2014,10413,0.10413
Africa,Eastern Africa,United Republic of Tanzania,2015,9389,0.09389
Africa,Eastern Africa,Zimbabwe,2003,14028,0.14028
Africa,Eastern Africa,Zimbabwe,2004,12666,0.12666
Africa,Eastern Africa,Zimbabwe,2005,11146,0.11146
Africa,Eastern Africa,Zimbabwe,2006,11654,0.11654
Africa,Eastern Africa,Zimbabwe,2007,9274,0.09274
Africa,Eastern Africa,Zimbabwe,2008,8796,0.08796
Africa,Middle Africa,Cameroon,2009,10293,0.10293
Africa,Middle Africa,Cameroon,2010,16419,0.16419
Africa,Middle Africa,Cameroon,2011,17759,0.17759
Africa,Middle Africa,Cameroon,2012,15752,0.15752
Africa,Middle Africa,Cameroon,2013,25027,0.25027
Africa,Middle Africa,Cameroon,2014,3690,0.0369
Africa,Middle Africa,Cameroon,2015,4805,0.04805
Africa,Middle Africa,Cameroon,2016,4211,0.04211
Africa,Middle Africa,Cameroon,2017,4458,0.04458
Africa,Middle Africa,Sao Tome and Principe,2006,0,0
Africa,Middle Africa,Sao Tome and Principe,2007,0,0
Africa,Middle Africa,Sao Tome and Principe,2008,0,0
Africa,Middle Africa,Sao Tome and Principe,2009,0,0
Africa,Middle Africa,Sao Tome and Principe,2010,1,0.00001
Africa,Middle Africa,Sao Tome and Principe,2011,1,0.00001
Africa,Northern Africa,Algeria,2005,25147,0.25147
Africa,Northern Africa,Algeria,2006,21349,0.21349
Africa,Northern Africa,Algeria,2007,20518,0.20518
Africa,Northern Africa,Algeria,2008,20052,0.20052
Africa,Northern Africa,Algeria,2009,19139,0.19139
Africa,Northern Africa,Algeria,2010,18490,0.1849
Africa,Northern Africa,Algeria,2011,19103,0.19103
Africa,Northern Africa,Algeria,2012,10709,0.10709
Africa,Northern Africa,Algeria,2013,17750,0.1775
Africa,Northern Africa,Algeria,2014,21011,0.21011
Africa,Northern Africa,Algeria,2015,26022,0.26022
Africa,Northern Africa,Egypt,2003,337,0.00337
Africa,Northern Africa,Egypt,2004,435,0.00435
Africa,Northern Africa,Egypt,2005,435,0.00435
Africa,Northern Africa,Egypt,2006,529,0.00529
Africa,Northern Africa,Egypt,2007,631,0.00631
Africa,Northern Africa,Egypt,2008,747,0.00747
Africa,Northern Africa,Egypt,2009,732,0.00732
Africa,Northern Africa,Egypt,2010,694,0.00694
Africa,Northern Africa,Egypt,2011,2673,0.02673
Africa,Northern Africa,Morocco,2003,16291,0.16291
Africa,Northern Africa,Morocco,2004,15297,0.15297
Africa,Northern Africa,Morocco,2005,15017,0.15017
Africa,Northern Africa,Morocco,2006,21749,0.21749
Africa,Northern Africa,Morocco,2007,22393,0.22393
Africa,Northern Africa,Morocco,2008,23269,0.23269
Africa,Northern Africa,Morocco,2009,25935,0.25935
Africa,Northern Africa,Morocco,2013,14857,0.14857
Africa,Northern Africa,Morocco,2015,19047,0.19047
Africa,Northern Africa,Morocco,2016,18595,0.18595
Africa,Northern Africa,Morocco,2017,48174,0.48174
Africa,Northern Africa,Sudan,2008,3017,0.03017
Africa,Southern Africa,Botswana,2009,3004,0.03004
Africa,Southern Africa,Botswana,2010,2403,0.02403
Africa,Southern Africa,Botswana,2011,2461,0.02461
Africa,Southern Africa,Botswana,2014,1698,0.01698
Africa,Southern Africa,Eswatini,2003,2723,0.02723
Africa,Southern Africa,Eswatini,2004,3392,0.03392
Africa,Southern Africa,Lesotho,2007,994,0.00994
Africa,Southern Africa,Lesotho,2008,1080,0.0108
Africa,Southern Africa,Lesotho,2009,1270,0.0127
Africa,Southern Africa,South Africa,2014,183972,1.83972
Africa,Southern Africa,South Africa,2015,186637,1.86637
Africa,Southern Africa,South Africa,2016,194374,1.94374
Africa,Southern Africa,South Africa,2017,189094,1.89094
Africa,Western Africa,Benin,2017,182,0.00182
Africa,Western Africa,Cabo Verde,2010,3074,0.03074
Africa,Western Africa,Cabo Verde,2011,3165,0.03165
Africa,Western Africa,Cabo Verde,2012,4418,0.04418
Africa,Western Africa,Cabo Verde,2013,3874,0.03874
Africa,Western Africa,Cabo Verde,2014,3908,0.03908
Africa,Western Africa,Cabo Verde,2015,5472,0.05472
Africa,Western Africa,Cote d'Ivoire,2007,666,0.00666
Africa,Western Africa,Cote d'Ivoire,2008,591,0.00591
Africa,Western Africa,Guinea,2007,151,0.00151
Africa,Western Africa,Guinea-Bissau,2013,543,0.00543
Africa,Western Africa,Guinea-Bissau,2014,712,0.00712
Africa,Western Africa,Guinea-Bissau,2015,235,0.00235
Africa,Western Africa,Guinea-Bissau,2016,362,0.00362
Africa,Western Africa,Nigeria,2007,2327,0.02327
Africa,Western Africa,Nigeria,2008,2340,0.0234
Africa,Western Africa,Nigeria,2009,5909,0.05909
Africa,Western Africa,Nigeria,2010,2240,0.0224
Africa,Western Africa,Nigeria,2012,2988,0.02988
Africa,Western Africa,Nigeria,2013,1910,0.0191
Africa,Western Africa,Senegal,2005,2744,0.02744
Africa,Western Africa,Senegal,2006,2601,0.02601
Africa,Western Africa,Senegal,2007,1589,0.01589
Africa,Western Africa,Senegal,2008,2699,0.02699
Africa,Western Africa,Senegal,2009,2606,0.02606
Africa,Western Africa,Senegal,2010,2503,0.02503
Africa,Western Africa,Senegal,2015,2503,0.02503
Africa,Western Africa,Sierra Leone,2007,167,0.00167
Africa,Western Africa,Sierra Leone,2008,184,0.00184
Americas,Caribbean,Bahamas,2009,316,0.00316
Americas,Caribbean,Bahamas,2010,336,0.00336
Americas,Caribbean,Bahamas,2011,369,0.00369
Americas,Caribbean,Bahamas,2012,367,0.00367
Americas,Caribbean,Bahamas,2014,1222,0.01222
Americas,Caribbean,Bahamas,2015,1076,0.01076
Americas,Caribbean,Bahamas,2016,913,0.00913
Americas,Caribbean,Bahamas,2017,630,0.0063
Americas,Caribbean,Barbados,2004,289,0.00289
Americas,Caribbean,Barbados,2005,330,0.0033
Americas,Caribbean,Barbados,2006,367,0.00367
Americas,Caribbean,Barbados,2007,392,0.00392
Americas,Caribbean,Barbados,2008,394,0.00394
Americas,Caribbean,Barbados,2009,383,0.00383
Americas,Caribbean,Barbados,2010,487,0.00487
Americas,Caribbean,Barbados,2011,471,0.00471
Americas,Caribbean,Barbados,2012,555,0.00555
Americas,Caribbean,Barbados,2013,351,0.00351
Americas,Caribbean,Barbados,2014,285,0.00285
Americas,Caribbean,Barbados,2015,300,0.003
Americas,Caribbean,Barbados,2016,186,0.00186
Americas,Caribbean,Dominican Republic,2012,2091,0.02091
Americas,Caribbean,Dominican Republic,2014,7913,0.07913
Americas,Caribbean,Dominican Republic,2015,7682,0.07682
Americas,Caribbean,Dominican Republic,2016,6984,0.06984
Americas,Caribbean,Grenada,2005,45,0.00045
Americas,Caribbean,Grenada,2006,50,0.0005
Americas,Caribbean,Grenada,2007,60,0.0006
Americas,Caribbean,Grenada,2008,43,0.00043
Americas,Caribbean,Grenada,2009,19,0.00019
Americas,Caribbean,Grenada,2010,26,0.00026
Americas,Caribbean,Grenada,2011,38,0.00038
Americas,Caribbean,Grenada,2012,24,0.00024
Americas,Caribbean,Grenada,2013,20,0.0002
Americas,Caribbean,Grenada,2014,64,0.00064
Americas,Caribbean,Grenada,2015,76,0.00076
Americas,Caribbean,Grenada,2016,55,0.00055
Americas,Caribbean,Grenada,2017,57,0.00057
Americas,Caribbean,Jamaica,2006,2009,0.02009
Americas,Caribbean,Jamaica,2007,1600,0.016
Americas,Caribbean,Jamaica,2008,2660,0.0266
Americas,Caribbean,Jamaica,2009,3025,0.03025
Americas,Caribbean,Jamaica,2010,2855,0.02855
Americas,Caribbean,Jamaica,2011,3093,0.03093
Americas,Caribbean,Jamaica,2012,2771,0.02771
Americas,Caribbean,Jamaica,2013,2674,0.02674
Americas,Caribbean,Jamaica,2014,2269,0.02269
Americas,Caribbean,Jamaica,2015,1918,0.01918
Americas,Caribbean,Jamaica,2016,1432,0.01432
Americas,Caribbean,Jamaica,2017,1267,0.01267
Americas,Caribbean,Puerto Rico,2008,5467,0.05467
Americas,Caribbean,Puerto Rico,2009,6093,0.06093
Americas,Caribbean,Puerto Rico,2010,6516,0.06516
Americas,Caribbean,Puerto Rico,2011,6465,0.06465
Americas,Caribbean,Puerto Rico,2012,6298,0.06298
Americas,Caribbean,Puerto Rico,2013,6016,0.06016
Americas,Caribbean,Puerto Rico,2014,5171,0.05171
Americas,Caribbean,Puerto Rico,2015,4070,0.0407
Americas,Caribbean,Puerto Rico,2016,3252,0.03252
Americas,Caribbean,Puerto Rico,2017,2878,0.02878
Americas,Caribbean,St. Kitts and Nevis,2009,108,0.00108
Americas,Caribbean,St. Kitts and Nevis,2010,87,0.00087
Americas,Caribbean,St. Kitts and Nevis,2011,66,0.00066
Americas,Caribbean,St. Vincent and the Grenadines,2004,62,0.00062
Americas,Caribbean,St. Vincent and the Grenadines,2005,73,0.00073
Americas,Caribbean,St. Vincent and the Grenadines,2006,79,0.00079
Americas,Caribbean,St. Vincent and the Grenadines,2007,56,0.00056
Americas,Caribbean,St. Vincent and the Grenadines,2008,47,0.00047
Americas,Caribbean,St. Vincent and the Grenadines,2009,68,0.00068
Americas,Caribbean,St. Vincent and the Grenadines,2010,117,0.00117
Americas,Caribbean,St. Vincent and the Grenadines,2011,170,0.0017
Americas,Caribbean,St. Vincent and the Grenadines,2012,160,0.0016
Americas,Caribbean,St. Vincent and the Grenadines,2013,149,0.00149
Americas,Caribbean,St. Vincent and the Grenadines,2016,79,0.00079
Americas,Caribbean,Trinidad and Tobago,2004,3885,0.03885
Americas,Caribbean,Trinidad and Tobago,2005,4868,0.04868
Americas,Caribbean,Trinidad and Tobago,2006,5633,0.05633
Americas,Caribbean,Trinidad and Tobago,2007,4965,0.04965
Americas,Caribbean,Trinidad and Tobago,2008,5043,0.05043
Americas,Caribbean,Trinidad and Tobago,2009,6107,0.06107
Americas,Caribbean,Trinidad and Tobago,2010,5123,0.05123
Americas,Caribbean,Trinidad and Tobago,2011,3718,0.03718
Americas,Caribbean,Trinidad and Tobago,2012,4436,0.04436
Americas,Caribbean,Trinidad and Tobago,2013,2958,0.02958
Americas,Caribbean,Trinidad and Tobago,2014,2672,0.02672
Americas,Caribbean,Trinidad and Tobago,2015,2469,0.02469
Americas,Central America,Belize,2005,667,0.00667
Americas,Central America,Belize,2006,526,0.00526
Americas,Central America,Belize,2009,545,0.00545
Americas,Central America,Belize,2010,477,0.00477
Americas,Central America,Belize,2011,447,0.00447
Americas,Central America,Belize,2012,487,0.00487
Americas,Central America,Belize,2013,296,0.00296
Americas,Central America,Belize,2014,304,0.00304
Americas,Central America,Belize,2015,214,0.00214
Americas,Central America,Belize,2016,232,0.00232
Americas,Central America,Costa Rica,2003,17457,0.17457
Americas,Central America,Costa Rica,2004,19697,0.19697
Americas,Central America,Costa Rica,2005,21285,0.21285
Americas,Central America,Costa Rica,2006,40948,0.40948
Americas,Central America,Costa Rica,2007,39688,0.39688
Americas,Central America,Costa Rica,2008,43185,0.43185
Americas,Central America,Costa Rica,2009,45545,0.45545
Americas,Central America,Costa Rica,2010,43185,0.43185
Americas,Central America,Costa Rica,2011,40427,0.40427
Americas,Central America,Costa Rica,2013,47954,0.47954
Americas,Central America,Costa Rica,2014,87954,0.87954
Americas,Central America,Costa Rica,2015,81945,0.81945
Americas,Central America,Costa Rica,2016,76363,0.76363
Americas,Central America,Costa Rica,2017,78581,0.78581
Americas,Central America,El Salvador,2005,4861,0.04861
Americas,Central America,El Salvador,2006,5598,0.05598
Americas,Central America,El Salvador,2007,5705,0.05705
Americas,Central America,El Salvador,2008,5997,0.05997
Americas,Central America,El Salvador,2009,6480,0.0648
Americas,Central America,El Salvador,2010,5418,0.05418
Americas,Central America,El Salvador,2011,5769,0.05769
Americas,Central America,El Salvador,2012,5521,0.05521
Americas,Central America,El Salvador,2013,5346,0.05346
Americas,Central America,El Salvador,2014,4732,0.04732
Americas,Central America,El Salvador,2015,5161,0.05161
Americas,Central America,Guatemala,2004,12073,0.12073
Americas,Central America,Guatemala,2005,10987,0.10987
Americas,Central America,Guatemala,2006,9154,0.09154
Americas,Central America,Guatemala,2007,9587,0.09587
Americas,Central America,Guatemala,2008,10105,0.10105
Americas,Central America,Guatemala,2009,3840,0.0384
Americas,Central America,Guatemala,2010,3236,0.03236
Americas,Central America,Guatemala,2011,3410,0.0341
Americas,Central America,Guatemala,2012,3823,0.03823
Americas,Central America,Guatemala,2013,93991,0.93991
Americas,Central America,Guatemala,2014,54556,0.54556
Americas,Central America,Guatemala,2015,50154,0.50154
Americas,Central America,Guatemala,2016,45432,0.45432
Americas,Central America,Honduras,2011,24808,0.24808
Americas,Central America,Honduras,2012,19674,0.19674
Americas,Central America,Honduras,2013,14142,0.14142
Americas,Central America,Honduras,2014,15037,0.15037
Americas,Central America,Honduras,2015,9553,0.09553
Americas,Central America,Honduras,2016,16704,0.16704
Americas,Central America,Honduras,2017,11393,0.11393
Americas,Central America,Mexico,2004,514922,5.14922
Americas,Central America,Mexico,2005,515916,5.15916
Americas,Central America,Mexico,2006,545232,5.45232
Americas,Central America,Mexico,2007,610730,6.1073
Americas,Central America,Mexico,2008,656877,6.56877
Americas,Central America,Mexico,2009,680566,6.80566
Americas,Central America,Mexico,2010,738138,7.38138
Americas,Central America,Mexico,2011,751750,7.5175
Americas,Central America,Mexico,2012,746894,7.46894
Americas,Central America,Mexico,2013,176019,1.76019
Americas,Central America,Mexico,2014,167280,1.6728
Americas,Central America,Mexico,2015,96472,0.96472
Americas,Central America,Mexico,2016,158894,1.58894
Americas,Central America,Mexico,2017,223617,2.23617
Americas,Central America,Nicaragua,2005,21378,0.21378
Americas,Central America,Nicaragua,2006,24348,0.24348
Americas,Central America,Nicaragua,2010,28429,0.28429
Americas,Central America,Panama,2004,4960,0.0496
Americas,Central America,Panama,2005,5249,0.05249
Americas,Central America,Panama,2006,5843,0.05843
Americas,Central America,Panama,2007,6352,0.06352
Americas,Central America,Panama,2008,7861,0.07861
Americas,Central America,Panama,2009,8145,0.08145
Americas,Central America,Panama,2010,9506,0.09506
Americas,Central America,Panama,2011,9668,0.09668
Americas,Central America,Panama,2012,10038,0.10038
Americas,Central America,Panama,2013,8748,0.08748
Americas,Central America,Panama,2014,9788,0.09788
Americas,Central America,Panama,2015,8168,0.08168
Americas,Central America,Panama,2016,7722,0.07722
Americas,Central America,Panama,2017,9972,0.09972
Americas,Northern America,Bermuda,2003,87,0.00087
Americas,Northern America,Bermuda,2004,77,0.00077
Americas,Northern America,Bermuda,2009,142,0.00142
Americas,Northern America,Bermuda,2010,99,0.00099
Americas,Northern America,Bermuda,2011,96,0.00096
Americas,Northern America,Bermuda,2012,84,0.00084
Americas,Northern America,Bermuda,2013,32,0.00032
Americas,Northern America,Bermuda,2014,33,0.00033
Americas,Northern America,Bermuda,2015,46,0.00046
Americas,Northern America,Bermuda,2017,50,0.0005
Americas,Northern America,Canada,2003,32084,0.32084
Americas,Northern America,Canada,2004,30990,0.3099
Americas,Northern America,Canada,2005,32437,0.32437
Americas,Northern America,Canada,2006,34641,0.34641
Americas,Northern America,Canada,2007,34182,0.34182
Americas,Northern America,Canada,2008,32372,0.32372
Americas,Northern America,Canada,2009,32463,0.32463
Americas,Northern America,Canada,2010,30478,0.30478
Americas,Northern America,Canada,2011,29790,0.2979
Americas,Northern America,Canada,2012,27748,0.27748
Americas,Northern America,Canada,2013,23249,0.23249
Americas,Northern America,Canada,2014,20923,0.20923
Americas,Northern America,Canada,2015,22149,0.22149
Americas,Northern America,Canada,2016,21958,0.21958
Americas,Northern America,Canada,2017,22739,0.22739
Americas,Northern America,United States of America,2003,414235,4.14235
Americas,Northern America,United States of America,2004,401470,4.0147
Americas,Northern America,United States of America,2005,417438,4.17438
Americas,Northern America,United States of America,2006,449246,4.49246
Americas,Northern America,United States of America,2007,447324,4.47324
Americas,Northern America,United States of America,2008,443563,4.43563
Americas,Northern America,United States of America,2009,408742,4.08742
Americas,Northern America,United States of America,2010,369089,3.69089
Americas,Northern America,United States of America,2011,354746,3.54746
Americas,Northern America,United States of America,2012,355051,3.55051
Americas,Northern America,United States of America,2013,345100,3.451
Americas,Northern America,United States of America,2014,322900,3.229
Americas,Northern America,United States of America,2015,328100,3.281
Americas,Northern America,United States of America,2016,332800,3.328
Americas,Northern America,United States of America,2017,319400,3.194
Americas,South America,Argentina,2005,355332,3.55332
Americas,South America,Argentina,2006,354040,3.5404
Americas,South America,Argentina,2007,339347,3.39347
Americas,South America,Argentina,2008,386828,3.86828
Americas,South America,Argentina,2014,483929,4.83929
Americas,South America,Argentina,2015,443033,4.43033
Americas,South America,Argentina,2016,437078,4.37078
Americas,South America,Argentina,2017,405361,4.05361
Americas,South America,Bolivia (Plurinational State of),2005,8571,0.08571
Americas,South America,Bolivia (Plurinational State of),2006,8520,0.0852
Americas,South America,Bolivia (Plurinational State of),2007,10481,0.10481
Americas,South America,Bolivia (Plurinational State of),2008,13187,0.13187
Americas,South America,Bolivia (Plurinational State of),2009,13292,0.13292
Americas,South America,Bolivia (Plurinational State of),2010,12470,0.1247
Americas,South America,Bolivia (Plurinational State of),2011,11872,0.11872
Americas,South America,Bolivia (Plurinational State of),2012,14411,0.14411
Americas,South America,Brazil,2006,894978,8.94978
Americas,South America,Brazil,2007,927667,9.27667
Americas,South America,Brazil,2008,934548,9.34548
Americas,South America,Brazil,2009,910679,9.10679
Americas,South America,Brazil,2010,1081041,10.81041
Americas,South America,Brazil,2011,1087059,10.87059
Americas,South America,Brazil,2012,979571,9.79571
Americas,South America,Brazil,2013,1012504,10.12504
Americas,South America,Chile,2004,63880,0.6388
Americas,South America,Chile,2005,64873,0.64873
Americas,South America,Chile,2006,78252,0.78252
Americas,South America,Chile,2007,93462,0.93462
Americas,South America,Chile,2008,89633,0.89633
Americas,South America,Chile,2009,91902,0.91902
Americas,South America,Chile,2010,81667,0.81667
Americas,South America,Chile,2011,91982,0.91982
Americas,South America,Chile,2012,81664,0.81664
Americas,South America,Chile,2013,93062,0.93062
Americas,South America,Chile,2014,106342,1.06342
Americas,South America,Chile,2015,106476,1.06476
Americas,South America,Chile,2016,115880,1.1588
Americas,South America,Chile,2017,117004,1.17004
Americas,South America,Colombia,2004,55079,0.55079
Americas,South America,Colombia,2005,40637,0.40637
Americas,South America,Colombia,2006,54933,0.54933
Americas,South America,Colombia,2007,51307,0.51307
Americas,South America,Colombia,2008,48322,0.48322
Americas,South America,Colombia,2009,61067,0.61067
Americas,South America,Colombia,2010,61439,0.61439
Americas,South America,Colombia,2011,67861,0.67861
Americas,South America,Colombia,2012,82647,0.82647
Americas,South America,Colombia,2013,93742,0.93742
Americas,South America,Colombia,2014,94369,0.94369
Americas,South America,Colombia,2015,101341,1.01341
Americas,South America,Colombia,2016,146642,1.46642
Americas,South America,Colombia,2017,119531,1.19531
Americas,South America,Ecuador,2003,30625,0.30625
Americas,South America,Ecuador,2004,30915,0.30915
Americas,South America,Ecuador,2005,47625,0.47625
Americas,South America,Ecuador,2006,52655,0.52655
Americas,South America,Ecuador,2009,52430,0.5243
Americas,South America,Ecuador,2010,54107,0.54107
Americas,South America,Ecuador,2011,72275,0.72275
Americas,South America,Ecuador,2012,85892,0.85892
Americas,South America,Ecuador,2013,94209,0.94209
Americas,South America,Ecuador,2014,89075,0.89075
Americas,South America,Ecuador,2015,94329,0.94329
Americas,South America,Ecuador,2016,82366,0.82366
Americas,South America,Ecuador,2017,76747,0.76747
Americas,South America,Guyana,2009,1225,0.01225
Americas,South America,Guyana,2010,1095,0.01095
Americas,South America,Guyana,2011,1191,0.01191
Americas,South America,Guyana,2012,1401,0.01401
Americas,South America,Guyana,2013,1531,0.01531
Americas,South America,Guyana,2015,1463,0.01463
Americas,South America,Guyana,2016,1289,0.01289
Americas,South America,Guyana,2017,1250,0.0125
Americas,South America,Paraguay,2006,8998,0.08998
Americas,South America,Paraguay,2007,10688,0.10688
Americas,South America,Paraguay,2008,10911,0.10911
Americas,South America,Paraguay,2009,13078,0.13078
Americas,South America,Paraguay,2010,13680,0.1368
Americas,South America,Paraguay,2011,13514,0.13514
Americas,South America,Paraguay,2012,15006,0.15006
Americas,South America,Paraguay,2013,17717,0.17717
Americas,South America,Paraguay,2014,20305,0.20305
Americas,South America,Paraguay,2015,21060,0.2106
Americas,South America,Paraguay,2016,22277,0.22277
Americas,South America,Paraguay,2017,1979,0.01979
Americas,South America,Peru,2003,38584,0.38584
Americas,South America,Peru,2004,42908,0.42908
Americas,South America,Peru,2005,45594,0.45594
Americas,South America,Peru,2006,45997,0.45997
Americas,South America,Peru,2007,41606,0.41606
Americas,South America,Peru,2008,42931,0.42931
Americas,South America,Peru,2009,48785,0.48785
Americas,South America,Peru,2010,56814,0.56814
Americas,South America,Peru,2011,64903,0.64903
Americas,South America,Peru,2012,76424,0.76424
Americas,South America,Peru,2013,79873,0.79873
Americas,South America,Peru,2014,77600,0.776
Americas,South America,Peru,2015,82950,0.8295
Americas,South America,Peru,2016,76742,0.76742
Americas,South America,Peru,2017,70079,0.70079
Americas,South America,Uruguay,2003,9700,0.097
Americas,South America,Uruguay,2004,9224,0.09224
Americas,South America,Uruguay,2005,9700,0.097
Americas,South America,Uruguay,2006,8867,0.08867
Americas,South America,Uruguay,2007,9173,0.09173
Americas,South America,Uruguay,2008,10705,0.10705
Americas,South America,Uruguay,2009,11391,0.11391
Americas,South America,Uruguay,2010,13829,0.13829
Americas,South America,Uruguay,2011,15003,0.15003
Americas,South America,Uruguay,2012,15414,0.15414
Americas,South America,Uruguay,2013,16718,0.16718
Americas,South America,Uruguay,2014,18577,0.18577
Americas,South America,Uruguay,2015,19423,0.19423
Americas,South America,Uruguay,2016,18794,0.18794
Americas,South America,Uruguay,2017,17957,0.17957
Asia,Central Asia,Kazakhstan,2005,13064,0.13064
Asia,Central Asia,Kazakhstan,2006,12607,0.12607
Asia,Central Asia,Kazakhstan,2007,10925,0.10925
Asia,Central Asia,Kazakhstan,2008,11227,0.11227
Asia,Central Asia,Kazakhstan,2009,9265,0.09265
Asia,Central Asia,Kazakhstan,2010,10734,0.10734
Asia,Central Asia,Kazakhstan,2011,18117,0.18117
Asia,Central Asia,Kazakhstan,2012,20259,0.20259
Asia,Central Asia,Kazakhstan,2013,18832,0.18832
Asia,Central Asia,Kazakhstan,2014,14317,0.14317
Asia,Central Asia,Kazakhstan,2015,12197,0.12197
Asia,Central Asia,Kazakhstan,2017,9469,0.09469
Asia,Central Asia,Kyrgyzstan,2005,2718,0.02718
Asia,Central Asia,Kyrgyzstan,2006,2405,0.02405
Asia,Central Asia,Kyrgyzstan,2007,2488,0.02488
Asia,Central Asia,Kyrgyzstan,2008,2347,0.02347
Asia,Central Asia,Kyrgyzstan,2009,2347,0.02347
Asia,Central Asia,Kyrgyzstan,2010,2798,0.02798
Asia,Central Asia,Kyrgyzstan,2011,2434,0.02434
Asia,Central Asia,Kyrgyzstan,2012,2074,0.02074
Asia,Central Asia,Kyrgyzstan,2013,1616,0.01616
Asia,Central Asia,Kyrgyzstan,2016,969,0.00969
Asia,Central Asia,Tajikistan,2006,265,0.00265
Asia,Central Asia,Tajikistan,2007,257,0.00257
Asia,Central Asia,Tajikistan,2008,217,0.00217
Asia,Central Asia,Tajikistan,2009,210,0.0021
Asia,Central Asia,Tajikistan,2010,245,0.00245
Asia,Central Asia,Tajikistan,2011,288,0.00288
Asia,Central Asia,Turkmenistan,2003,238,0.00238
Asia,Central Asia,Turkmenistan,2004,180,0.0018
Asia,Central Asia,Turkmenistan,2005,162,0.00162
Asia,Central Asia,Turkmenistan,2006,141,0.00141
Asia,Central Asia,Uzbekistan,2014,1432,0.01432
Asia,Central Asia,Uzbekistan,2015,1220,0.0122
Asia,Central Asia,Uzbekistan,2016,1052,0.01052
Asia,Central Asia,Uzbekistan,2017,831,0.00831
Asia,Eastern Asia,Hong Kong Special Administrative Region of China,2003,3215,0.03215
Asia,Eastern Asia,Hong Kong Special Administrative Region of China,2004,2237,0.02237
Asia,Eastern Asia,Hong Kong Special Administrative Region of China,2005,1675,0.01675
Asia,Eastern Asia,Hong Kong Special Administrative Region of China,2006,1574,0.01574
Asia,Eastern Asia,Hong Kong Special Administrative Region of China,2007,1216,0.01216
Asia,Eastern Asia,Hong Kong Special Administrative Region of China,2008,1100,0.011
Asia,Eastern Asia,Hong Kong Special Administrative Region of China,2009,870,0.0087
Asia,Eastern Asia,Hong Kong Special Administrative Region of China,2010,778,0.00778
Asia,Eastern Asia,Hong Kong Special Administrative Region of China,2011,731,0.00731
Asia,Eastern Asia,Hong Kong Special Administrative Region of China,2012,616,0.00616
Asia,Eastern Asia,Hong Kong Special Administrative Region of China,2013,500,0.005
Asia,Eastern Asia,Japan,2004,7295,0.07295
Asia,Eastern Asia,Japan,2005,5988,0.05988
Asia,Eastern Asia,Japan,2006,5108,0.05108
Asia,Eastern Asia,Japan,2007,4567,0.04567
Asia,Eastern Asia,Japan,2008,4300,0.043
Asia,Eastern Asia,Japan,2009,4536,0.04536
Asia,Eastern Asia,Japan,2010,4052,0.04052
Asia,Eastern Asia,Japan,2011,3698,0.03698
Asia,Eastern Asia,Japan,2012,3693,0.03693
Asia,Eastern Asia,Japan,2013,3324,0.03324
Asia,Eastern Asia,Japan,2014,3056,0.03056
Asia,Eastern Asia,Japan,2015,2426,0.02426
Asia,Eastern Asia,Japan,2016,2332,0.02332
Asia,Eastern Asia,Macao Special Administrative Region of China,2008,378,0.00378
Asia,Eastern Asia,Macao Special Administrative Region of China,2009,268,0.00268
Asia,Eastern Asia,Macao Special Administrative Region of China,2010,178,0.00178
Asia,Eastern Asia,Macao Special Administrative Region of China,2011,198,0.00198
Asia,Eastern Asia,Macao Special Administrative Region of China,2012,179,0.00179
Asia,Eastern Asia,Macao Special Administrative Region of China,2013,150,0.0015
Asia,Eastern Asia,Macao Special Administrative Region of China,2014,120,0.0012
Asia,Eastern Asia,Macao Special Administrative Region of China,2015,113,0.00113
Asia,Eastern Asia,Macao Special Administrative Region of China,2016,98,0.00098
Asia,Eastern Asia,Macao Special Administrative Region of China,2017,108,0.00108
Asia,Eastern Asia,Mongolia,2003,825,0.00825
Asia,Eastern Asia,Mongolia,2004,655,0.00655
Asia,Eastern Asia,Mongolia,2005,584,0.00584
Asia,Eastern Asia,Mongolia,2006,455,0.00455
Asia,Eastern Asia,Mongolia,2007,656,0.00656
Asia,Eastern Asia,Mongolia,2008,818,0.00818
Asia,Eastern Asia,Mongolia,2009,754,0.00754
Asia,Eastern Asia,Mongolia,2010,520,0.0052
Asia,Eastern Asia,Mongolia,2011,536,0.00536
Asia,Eastern Asia,Mongolia,2012,552,0.00552
Asia,Eastern Asia,Mongolia,2013,620,0.0062
Asia,Eastern Asia,Mongolia,2014,686,0.00686
Asia,Eastern Asia,Mongolia,2015,537,0.00537
Asia,Eastern Asia,Mongolia,2016,474,0.00474
Asia,Eastern Asia,Mongolia,2017,1233,0.01233
Asia,Eastern Asia,Republic of Korea,2003,7292,0.07292
Asia,Eastern Asia,Republic of Korea,2004,5832,0.05832
Asia,Eastern Asia,Republic of Korea,2005,5170,0.0517
Asia,Eastern Asia,Republic of Korea,2006,4848,0.04848
Asia,Eastern Asia,Republic of Korea,2007,4452,0.04452
Asia,Eastern Asia,Republic of Korea,2008,4841,0.04841
Asia,Eastern Asia,Republic of Korea,2009,6367,0.06367
Asia,Eastern Asia,Republic of Korea,2010,4409,0.04409
Asia,Eastern Asia,Republic of Korea,2011,3994,0.03994
Asia,Eastern Asia,Republic of Korea,2012,2586,0.02586
Asia,Eastern Asia,Republic of Korea,2013,1980,0.0198
Asia,Eastern Asia,Republic of Korea,2014,1586,0.01586
Asia,Eastern Asia,Republic of Korea,2015,1446,0.01446
Asia,Eastern Asia,Republic of Korea,2016,1149,0.01149
Asia,Eastern Asia,Republic of Korea,2017,967,0.00967
Asia,South-Eastern Asia,Brunei Darussalam,2003,16,0.00016
Asia,South-Eastern Asia,Brunei Darussalam,2004,11,0.00011
Asia,South-Eastern Asia,Brunei Darussalam,2005,9,0.00009
Asia,South-Eastern Asia,Brunei Darussalam,2006,2,0.00002
Asia,South-Eastern Asia,Indonesia,2008,9742,0.09742
Asia,South-Eastern Asia,Indonesia,2009,10933,0.10933
Asia,South-Eastern Asia,Indonesia,2010,9910,0.0991
Asia,South-Eastern Asia,Indonesia,2011,11207,0.11207
Asia,South-Eastern Asia,Indonesia,2012,12355,0.12355
Asia,South-Eastern Asia,Indonesia,2013,12045,0.12045
Asia,South-Eastern Asia,Indonesia,2014,11758,0.11758
Asia,South-Eastern Asia,Indonesia,2015,11776,0.11776
Asia,South-Eastern Asia,Indonesia,2016,12095,0.12095
Asia,South-Eastern Asia,Indonesia,2017,10692,0.10692
Asia,South-Eastern Asia,Malaysia,2005,15409,0.15409
Asia,South-Eastern Asia,Malaysia,2006,21419,0.21419
Asia,South-Eastern Asia,Myanmar,2009,18,0.00018
Asia,South-Eastern Asia,Myanmar,2010,13,0.00013
Asia,South-Eastern Asia,Myanmar,2011,10,0.0001
Asia,South-Eastern Asia,Myanmar,2012,10,0.0001
Asia,South-Eastern Asia,Myanmar,2013,121,0.00121
Asia,South-Eastern Asia,Myanmar,2014,116,0.00116
Asia,South-Eastern Asia,Myanmar,2015,146,0.00146
Asia,South-Eastern Asia,Myanmar,2016,179,0.00179
Asia,South-Eastern Asia,Philippines,2003,7536,0.07536
Asia,South-Eastern Asia,Philippines,2004,7558,0.07558
Asia,South-Eastern Asia,Philippines,2005,7723,0.07723
Asia,South-Eastern Asia,Philippines,2006,7313,0.07313
Asia,South-Eastern Asia,Philippines,2007,6520,0.0652
Asia,South-Eastern Asia,Philippines,2008,6584,0.06584
Asia,South-Eastern Asia,Philippines,2009,45063,0.45063
Asia,South-Eastern Asia,Philippines,2010,36121,0.36121
Asia,South-Eastern Asia,Philippines,2011,31037,0.31037
Asia,South-Eastern Asia,Philippines,2012,26988,0.26988
Asia,South-Eastern Asia,Philippines,2013,49247,0.49247
Asia,South-Eastern Asia,Philippines,2014,43726,0.43726
Asia,South-Eastern Asia,Philippines,2015,31741,0.31741
Asia,South-Eastern Asia,Philippines,2016,21218,0.21218
Asia,South-Eastern Asia,Philippines,2017,16073,0.16073
Asia,South-Eastern Asia,Singapore,2003,973,0.00973
Asia,South-Eastern Asia,Singapore,2004,829,0.00829
Asia,South-Eastern Asia,Singapore,2005,1092,0.01092
Asia,South-Eastern Asia,Singapore,2006,946,0.00946
Asia,South-Eastern Asia,Singapore,2007,989,0.00989
Asia,South-Eastern Asia,Singapore,2008,929,0.00929
Asia,South-Eastern Asia,Singapore,2009,713,0.00713
Asia,South-Eastern Asia,Singapore,2010,518,0.00518
Asia,South-Eastern Asia,Singapore,2011,394,0.00394
Asia,South-Eastern Asia,Singapore,2012,290,0.0029
Asia,South-Eastern Asia,Singapore,2013,254,0.00254
Asia,South-Eastern Asia,Singapore,2014,230,0.0023
Asia,South-Eastern Asia,Singapore,2015,123,0.00123
Asia,South-Eastern Asia,Singapore,2016,96,0.00096
Asia,South-Eastern Asia,Singapore,2017,69,0.00069
Asia,South-Eastern Asia,Thailand,2007,928,0.00928
Asia,South-Eastern Asia,Thailand,2008,711,0.00711
Asia,South-Eastern Asia,Thailand,2009,579,0.00579
Asia,South-Eastern Asia,Thailand,2010,1846,0.01846
Asia,South-Eastern Asia,Thailand,2011,1271,0.01271
Asia,South-Eastern Asia,Thailand,2012,1521,0.01521
Asia,South-Eastern Asia,Thailand,2013,1665,0.01665
Asia,South-Eastern Asia,Thailand,2014,1431,0.01431
Asia,South-Eastern Asia,Thailand,2015,1499,0.01499
Asia,South-Eastern Asia,Thailand,2016,1062,0.01062
Asia,South-Eastern Asia,Timor-Leste,2016,16,0.00016
Asia,South-Eastern Asia,Timor-Leste,2017,23,0.00023
Asia,Southern Asia,Bangladesh,2005,912,0.00912
Asia,Southern Asia,Bangladesh,2006,856,0.00856
Asia,Southern Asia,Bhutan,2008,29,0.00029
Asia,Southern Asia,Bhutan,2009,24,0.00024
Asia,Southern Asia,Bhutan,2010,47,0.00047
Asia,Southern Asia,Bhutan,2011,41,0.00041
Asia,Southern Asia,Bhutan,2012,33,0.00033
Asia,Southern Asia,Bhutan,2013,41,0.00041
Asia,Southern Asia,Bhutan,2014,13,0.00013
Asia,Southern Asia,Bhutan,2015,23,0.00023
Asia,Southern Asia,Bhutan,2016,25,0.00025
Asia,Southern Asia,Bhutan,2017,17,0.00017
Asia,Southern Asia,India,2004,18458,0.18458
Asia,Southern Asia,India,2005,17673,0.17673
Asia,Southern Asia,India,2006,18456,0.18456
Asia,Southern Asia,India,2007,19136,0.19136
Asia,Southern Asia,India,2008,20522,0.20522
Asia,Southern Asia,India,2009,22409,0.22409
Asia,Southern Asia,India,2010,23393,0.23393
Asia,Southern Asia,India,2011,24700,0.247
Asia,Southern Asia,India,2012,31657,0.31657
Asia,Southern Asia,India,2013,36466,0.36466
Asia,Southern Asia,Maldives,2003,268,0.00268
Asia,Southern Asia,Maldives,2004,467,0.00467
Asia,Southern Asia,Maldives,2007,410,0.0041
Asia,Southern Asia,Maldives,2008,600,0.006
Asia,Southern Asia,Maldives,2009,591,0.00591
Asia,Southern Asia,Maldives,2010,547,0.00547
Asia,Southern Asia,Maldives,2011,718,0.00718
Asia,Southern Asia,Maldives,2012,972,0.00972
Asia,Southern Asia,Maldives,2013,729,0.00729
Asia,Southern Asia,Nepal,2005,223,0.00223
Asia,Southern Asia,Nepal,2006,148,0.00148
Asia,Southern Asia,Nepal,2016,85,0.00085
Asia,Southern Asia,Pakistan,2010,18098,0.18098
Asia,Southern Asia,Pakistan,2011,20521,0.20521
Asia,Southern Asia,Pakistan,2012,17081,0.17081
Asia,Southern Asia,Pakistan,2013,17363,0.17363
Asia,Southern Asia,Pakistan,2014,18107,0.18107
Asia,Southern Asia,Pakistan,2015,15164,0.15164
Asia,Southern Asia,Pakistan,2016,13088,0.13088
Asia,Southern Asia,Pakistan,2017,12458,0.12458
Asia,Southern Asia,Sri Lanka,2003,6546,0.06546
Asia,Southern Asia,Sri Lanka,2004,7943,0.07943
Asia,Southern Asia,Sri Lanka,2008,6729,0.06729
Asia,Southern Asia,Sri Lanka,2009,6100,0.061
Asia,Southern Asia,Sri Lanka,2010,6440,0.0644
Asia,Southern Asia,Sri Lanka,2011,6240,0.0624
Asia,Southern Asia,Sri Lanka,2012,6552,0.06552
Asia,Southern Asia,Sri Lanka,2013,4743,0.04743
Asia,Southern Asia,Sri Lanka,2014,4235,0.04235
Asia,Southern Asia,Sri Lanka,2015,4017,0.04017
Asia,Southern Asia,Sri Lanka,2016,3455,0.03455
Asia,Western Asia,Armenia,2003,140,0.0014
Asia,Western Asia,Armenia,2004,243,0.00243
Asia,Western Asia,Armenia,2005,269,0.00269
Asia,Western Asia,Armenia,2006,265,0.00265
Asia,Western Asia,Armenia,2007,199,0.00199
Asia,Western Asia,Armenia,2008,350,0.0035
Asia,Western Asia,Armenia,2009,416,0.00416
Asia,Western Asia,Armenia,2010,356,0.00356
Asia,Western Asia,Armenia,2011,344,0.00344
Asia,Western Asia,Armenia,2012,310,0.0031
Asia,Western Asia,Armenia,2013,257,0.00257
Asia,Western Asia,Armenia,2014,289,0.00289
Asia,Western Asia,Armenia,2015,291,0.00291
Asia,Western Asia,Armenia,2016,308,0.00308
Asia,Western Asia,Armenia,2017,229,0.00229
Asia,Western Asia,Azerbaijan,2003,168,0.00168
Asia,Western Asia,Azerbaijan,2004,176,0.00176
Asia,Western Asia,Azerbaijan,2005,196,0.00196
Asia,Western Asia,Azerbaijan,2006,238,0.00238
Asia,Western Asia,Azerbaijan,2009,354,0.00354
Asia,Western Asia,Azerbaijan,2010,294,0.00294
Asia,Western Asia,Azerbaijan,2011,306,0.00306
Asia,Western Asia,Azerbaijan,2012,252,0.00252
Asia,Western Asia,Azerbaijan,2013,227,0.00227
Asia,Western Asia,Azerbaijan,2014,241,0.00241
Asia,Western Asia,Azerbaijan,2016,490,0.0049
Asia,Western Asia,Azerbaijan,2017,397,0.00397
Asia,Western Asia,Bahrain,2003,244,0.00244
Asia,Western Asia,Bahrain,2004,478,0.00478
Asia,Western Asia,Bahrain,2005,420,0.0042
Asia,Western Asia,Bahrain,2006,233,0.00233
Asia,Western Asia,Bahrain,2007,295,0.00295
Asia,Western Asia,Bahrain,2008,306,0.00306
Asia,Western Asia,Cyprus,2003,69,0.00069
Asia,Western Asia,Cyprus,2004,103,0.00103
Asia,Western Asia,Cyprus,2005,84,0.00084
Asia,Western Asia,Cyprus,2006,80,0.0008
Asia,Western Asia,Cyprus,2007,74,0.00074
Asia,Western Asia,Cyprus,2008,71,0.00071
Asia,Western Asia,Cyprus,2009,142,0.00142
Asia,Western Asia,Cyprus,2010,156,0.00156
Asia,Western Asia,Cyprus,2011,137,0.00137
Asia,Western Asia,Cyprus,2012,173,0.00173
Asia,Western Asia,Cyprus,2013,149,0.00149
Asia,Western Asia,Cyprus,2014,104,0.00104
Asia,Western Asia,Cyprus,2015,93,0.00093
Asia,Western Asia,Cyprus,2016,105,0.00105
Asia,Western Asia,Cyprus,2017,117,0.00117
Asia,Western Asia,Georgia,2003,556,0.00556
Asia,Western Asia,Georgia,2004,1316,0.01316
Asia,Western Asia,Georgia,2005,2087,0.02087
Asia,Western Asia,Georgia,2006,2751,0.02751
Asia,Western Asia,Georgia,2007,1615,0.01615
Asia,Western Asia,Georgia,2008,1167,0.01167
Asia,Western Asia,Georgia,2009,958,0.00958
Asia,Western Asia,Georgia,2010,638,0.00638
Asia,Western Asia,Georgia,2014,471,0.00471
Asia,Western Asia,Israel,2004,2383,0.02383
Asia,Western Asia,Israel,2005,4332,0.04332
Asia,Western Asia,Israel,2006,3887,0.03887
Asia,Western Asia,Israel,2007,3103,0.03103
Asia,Western Asia,Israel,2008,2816,0.02816
Asia,Western Asia,Israel,2010,2906,0.02906
Asia,Western Asia,Israel,2011,2746,0.02746
Asia,Western Asia,Jordan,2005,619,0.00619
Asia,Western Asia,Jordan,2006,802,0.00802
Asia,Western Asia,Jordan,2017,593,0.00593
Asia,Western Asia,Kuwait,2004,426,0.00426
Asia,Western Asia,Kuwait,2005,431,0.00431
Asia,Western Asia,Kuwait,2006,668,0.00668
Asia,Western Asia,Kuwait,2007,723,0.00723
Asia,Western Asia,Kuwait,2008,802,0.00802
Asia,Western Asia,Kuwait,2009,657,0.00657
Asia,Western Asia,Lebanon,2015,2789,0.02789
Asia,Western Asia,Oman,2007,133,0.00133
Asia,Western Asia,Oman,2008,255,0.00255
Asia,Western Asia,Oman,2014,174,0.00174
Asia,Western Asia,Oman,2015,73,0.00073
Asia,Western Asia,Oman,2016,56,0.00056
Asia,Western Asia,Oman,2017,33,0.00033
Asia,Western Asia,Qatar,2003,21,0.00021
Asia,Western Asia,Qatar,2004,21,0.00021
Asia,Western Asia,Saudi Arabia,2017,3075,0.03075
Asia,Western Asia,State of Palestine,2003,49,0.00049
Asia,Western Asia,State of Palestine,2004,65,0.00065
Asia,Western Asia,State of Palestine,2005,204,0.00204
Asia,Western Asia,State of Palestine,2008,2770,0.0277
Asia,Western Asia,State of Palestine,2009,2874,0.02874
Asia,Western Asia,State of Palestine,2010,2843,0.02843
Asia,Western Asia,State of Palestine,2011,2297,0.02297
Asia,Western Asia,State of Palestine,2012,1996,0.01996
Asia,Western Asia,State of Palestine,2013,3734,0.03734
Asia,Western Asia,Syrian Arab Republic,2003,505,0.00505
Asia,Western Asia,Syrian Arab Republic,2004,555,0.00555
Asia,Western Asia,Syrian Arab Republic,2005,760,0.0076
Asia,Western Asia,Syrian Arab Republic,2006,854,0.00854
Asia,Western Asia,Syrian Arab Republic,2007,744,0.00744
Asia,Western Asia,Syrian Arab Republic,2008,870,0.0087
Asia,Western Asia,Turkey,2003,16679,0.16679
Asia,Western Asia,Turkey,2004,10082,0.10082
Asia,Western Asia,Turkey,2005,14353,0.14353
Asia,Western Asia,Turkey,2006,20516,0.20516
Asia,Western Asia,Turkey,2007,12664,0.12664
Asia,Western Asia,Turkey,2008,8893,0.08893
Asia,Western Asia,Turkey,2009,8698,0.08698
Asia,Western Asia,Turkey,2010,8581,0.08581
Asia,Western Asia,Turkey,2011,9662,0.09662
Asia,Western Asia,Turkey,2012,10303,0.10303
Asia,Western Asia,Turkey,2013,28854,0.28854
Asia,Western Asia,Turkey,2014,42602,0.42602
Asia,Western Asia,Turkey,2015,33931,0.33931
Asia,Western Asia,Turkey,2016,27123,0.27123
Asia,Western Asia,United Arab Emirates,2003,396,0.00396
Asia,Western Asia,United Arab Emirates,2004,437,0.00437
Asia,Western Asia,United Arab Emirates,2005,429,0.00429
Asia,Western Asia,United Arab Emirates,2006,557,0.00557
Asia,Western Asia,United Arab Emirates,2012,45,0.00045
Asia,Western Asia,United Arab Emirates,2013,719,0.00719
Asia,Western Asia,United Arab Emirates,2014,715,0.00715
Asia,Western Asia,United Arab Emirates,2015,826,0.00826
Asia,Western Asia,United Arab Emirates,2016,1028,0.01028
Asia,Western Asia,United Arab Emirates,2017,1564,0.01564
Asia,Western Asia,Yemen,2006,287,0.00287
Asia,Western Asia,Yemen,2007,310,0.0031
Asia,Western Asia,Yemen,2008,417,0.00417
Asia,Western Asia,Yemen,2009,442,0.00442
Europe,Eastern Europe,Belarus,2003,10307,0.10307
Europe,Eastern Europe,Belarus,2004,10692,0.10692
Europe,Eastern Europe,Belarus,2005,11562,0.11562
Europe,Eastern Europe,Belarus,2006,9793,0.09793
Europe,Eastern Europe,Belarus,2007,8816,0.08816
Europe,Eastern Europe,Belarus,2008,6696,0.06696
Europe,Eastern Europe,Belarus,2009,5722,0.05722
Europe,Eastern Europe,Belarus,2010,4735,0.04735
Europe,Eastern Europe,Belarus,2011,3641,0.03641
Europe,Eastern Europe,Belarus,2012,2656,0.02656
Europe,Eastern Europe,Belarus,2013,2770,0.0277
Europe,Eastern Europe,Belarus,2014,2460,0.0246
Europe,Eastern Europe,Bulgaria,2003,4933,0.04933
Europe,Eastern Europe,Bulgaria,2004,4131,0.04131
Europe,Eastern Europe,Bulgaria,2005,3754,0.03754
Europe,Eastern Europe,Bulgaria,2006,2875,0.02875
Europe,Eastern Europe,Bulgaria,2007,2996,0.02996
Europe,Eastern Europe,Bulgaria,2008,2868,0.02868
Europe,Eastern Europe,Bulgaria,2009,3596,0.03596
Europe,Eastern Europe,Bulgaria,2010,3737,0.03737
Europe,Eastern Europe,Bulgaria,2011,3110,0.0311
Europe,Eastern Europe,Bulgaria,2012,2955,0.02955
Europe,Eastern Europe,Bulgaria,2013,2977,0.02977
Europe,Eastern Europe,Bulgaria,2014,2326,0.02326
Europe,Eastern Europe,Bulgaria,2015,1946,0.01946
Europe,Eastern Europe,Bulgaria,2016,1666,0.01666
Europe,Eastern Europe,Bulgaria,2017,1558,0.01558
Europe,Eastern Europe,Czech Republic,2003,5508,0.05508
Europe,Eastern Europe,Czech Republic,2004,6107,0.06107
Europe,Eastern Europe,Czech Republic,2005,5550,0.0555
Europe,Eastern Europe,Czech Republic,2006,4783,0.04783
Europe,Eastern Europe,Czech Republic,2007,4856,0.04856
Europe,Eastern Europe,Czech Republic,2008,4641,0.04641
Europe,Eastern Europe,Czech Republic,2009,4687,0.04687
Europe,Eastern Europe,Czech Republic,2010,4019,0.04019
Europe,Eastern Europe,Czech Republic,2011,3881,0.03881
Europe,Eastern Europe,Czech Republic,2012,3416,0.03416
Europe,Eastern Europe,Czech Republic,2013,3051,0.03051
Europe,Eastern Europe,Czech Republic,2014,2547,0.02547
Europe,Eastern Europe,Czech Republic,2015,2022,0.02022
Europe,Eastern Europe,Czech Republic,2016,1646,0.01646
Europe,Eastern Europe,Czech Republic,2017,1585,0.01585
Europe,Eastern Europe,Hungary,2003,3289,0.03289
Europe,Eastern Europe,Hungary,2004,3227,0.03227
Europe,Eastern Europe,Hungary,2005,2982,0.02982
Europe,Eastern Europe,Hungary,2006,2709,0.02709
Europe,Eastern Europe,Hungary,2007,3119,0.03119
Europe,Eastern Europe,Hungary,2008,3128,0.03128
Europe,Eastern Europe,Hungary,2009,3159,0.03159
Europe,Eastern Europe,Hungary,2010,3396,0.03396
Europe,Eastern Europe,Hungary,2011,3203,0.03203
Europe,Eastern Europe,Hungary,2012,3036,0.03036
Europe,Eastern Europe,Hungary,2013,2298,0.02298
Europe,Eastern Europe,Hungary,2014,1954,0.01954
Europe,Eastern Europe,Hungary,2015,1440,0.0144
Europe,Eastern Europe,Hungary,2016,1104,0.01104
Europe,Eastern Europe,Hungary,2017,841,0.00841
Europe,Eastern Europe,Poland,2003,51688,0.51688
Europe,Eastern Europe,Poland,2004,48636,0.48636
Europe,Eastern Europe,Poland,2005,42150,0.4215
Europe,Eastern Europe,Poland,2006,35182,0.35182
Europe,Eastern Europe,Poland,2007,22766,0.22766
Europe,Eastern Europe,Poland,2008,21085,0.21085
Europe,Eastern Europe,Poland,2009,19267,0.19267
Europe,Eastern Europe,Poland,2010,19359,0.19359
Europe,Eastern Europe,Poland,2011,17729,0.17729
Europe,Eastern Europe,Poland,2012,16685,0.16685
Europe,Eastern Europe,Poland,2013,19533,0.19533
Europe,Eastern Europe,Poland,2014,13868,0.13868
Europe,Eastern Europe,Poland,2015,10210,0.1021
Europe,Eastern Europe,Poland,2016,9634,0.09634
Europe,Eastern Europe,Poland,2017,8114,0.08114
Europe,Eastern Europe,Republic of Moldova,2005,188,0.00188
Europe,Eastern Europe,Republic of Moldova,2006,152,0.00152
Europe,Eastern Europe,Republic of Moldova,2007,153,0.00153
Europe,Eastern Europe,Republic of Moldova,2008,175,0.00175
Europe,Eastern Europe,Republic of Moldova,2009,205,0.00205
Europe,Eastern Europe,Republic of Moldova,2010,185,0.00185
Europe,Eastern Europe,Republic of Moldova,2011,152,0.00152
Europe,Eastern Europe,Republic of Moldova,2012,167,0.00167
Europe,Eastern Europe,Republic of Moldova,2013,146,0.00146
Europe,Eastern Europe,Republic of Moldova,2014,125,0.00125
Europe,Eastern Europe,Romania,2003,2782,0.02782
Europe,Eastern Europe,Romania,2004,3087,0.03087
Europe,Eastern Europe,Romania,2005,3326,0.03326
Europe,Eastern Europe,Romania,2006,4078,0.04078
Europe,Eastern Europe,Romania,2007,2496,0.02496
Europe,Eastern Europe,Romania,2008,2464,0.02464
Europe,Eastern Europe,Romania,2009,2541,0.02541
Europe,Eastern Europe,Romania,2010,2484,0.02484
Europe,Eastern Europe,Romania,2011,2251,0.02251
Europe,Eastern Europe,Romania,2012,3193,0.03193
Europe,Eastern Europe,Romania,2013,2933,0.02933
Europe,Eastern Europe,Romania,2014,6418,0.06418
Europe,Eastern Europe,Romania,2015,3358,0.03358
Europe,Eastern Europe,Romania,2016,3096,0.03096
Europe,Eastern Europe,Romania,2017,3163,0.03163
Europe,Eastern Europe,Russian Federation,2004,251433,2.51433
Europe,Eastern Europe,Russian Federation,2005,344440,3.4444
Europe,Eastern Europe,Russian Federation,2006,357302,3.57302
Europe,Eastern Europe,Russian Federation,2007,295071,2.95071
Europe,Eastern Europe,Russian Federation,2008,243957,2.43957
Europe,Eastern Europe,Russian Federation,2009,205379,2.05379
Europe,Eastern Europe,Russian Federation,2010,164547,1.64547
Europe,Eastern Europe,Russian Federation,2011,127772,1.27772
Europe,Eastern Europe,Russian Federation,2012,110063,1.10063
Europe,Eastern Europe,Russian Federation,2013,16416,0.16416
Europe,Eastern Europe,Russian Federation,2014,14340,0.1434
Europe,Eastern Europe,Russian Federation,2015,13642,0.13642
Europe,Eastern Europe,Russian Federation,2016,11416,0.11416
Europe,Eastern Europe,Russian Federation,2017,9104,0.09104
Europe,Eastern Europe,Slovakia,2003,1918,0.01918
Europe,Eastern Europe,Slovakia,2004,2156,0.02156
Europe,Eastern Europe,Slovakia,2005,1919,0.01919
Europe,Eastern Europe,Slovakia,2006,1594,0.01594
Europe,Eastern Europe,Slovakia,2007,1429,0.01429
Europe,Eastern Europe,Slovakia,2008,1371,0.01371
Europe,Eastern Europe,Slovakia,2009,1358,0.01358
Europe,Eastern Europe,Slovakia,2010,1188,0.01188
Europe,Eastern Europe,Slovakia,2011,851,0.00851
Europe,Eastern Europe,Slovakia,2012,974,0.00974
Europe,Eastern Europe,Slovakia,2013,835,0.00835
Europe,Eastern Europe,Slovakia,2014,680,0.0068
Europe,Eastern Europe,Slovakia,2015,539,0.00539
Europe,Eastern Europe,Slovakia,2016,526,0.00526
Europe,Eastern Europe,Slovakia,2017,469,0.00469
Europe,Eastern Europe,Ukraine,2003,36486,0.36486
Europe,Eastern Europe,Ukraine,2004,40789,0.40789
Europe,Eastern Europe,Ukraine,2005,47050,0.4705
Europe,Eastern Europe,Ukraine,2006,41657,0.41657
Europe,Eastern Europe,Ukraine,2007,32266,0.32266
Europe,Eastern Europe,Ukraine,2008,36927,0.36927
Europe,Eastern Europe,Ukraine,2009,27598,0.27598
Europe,Eastern Europe,Ukraine,2010,23300,0.233
Europe,Eastern Europe,Ukraine,2017,21136,0.21136
Europe,Northern Europe,Denmark,2003,3181,0.03181
Europe,Northern Europe,Denmark,2004,2989,0.02989
Europe,Northern Europe,Denmark,2005,2921,0.02921
Europe,Northern Europe,Denmark,2006,2650,0.0265
Europe,Northern Europe,Denmark,2007,2982,0.02982
Europe,Northern Europe,Denmark,2008,3397,0.03397
Europe,Northern Europe,Denmark,2009,4020,0.0402
Europe,Northern Europe,Denmark,2010,3372,0.03372
Europe,Northern Europe,Denmark,2011,3241,0.03241
Europe,Northern Europe,Denmark,2012,3003,0.03003
Europe,Northern Europe,Denmark,2013,3200,0.032
Europe,Northern Europe,Denmark,2014,2322,0.02322
Europe,Northern Europe,Denmark,2015,2034,0.02034
Europe,Northern Europe,Denmark,2016,2185,0.02185
Europe,Northern Europe,Denmark,2017,2042,0.02042
Europe,Northern Europe,Estonia,2003,1885,0.01885
Europe,Northern Europe,Estonia,2004,1632,0.01632
Europe,Northern Europe,Estonia,2005,1326,0.01326
Europe,Northern Europe,Estonia,2006,1005,0.01005
Europe,Northern Europe,Estonia,2007,887,0.00887
Europe,Northern Europe,Estonia,2008,909,0.00909
Europe,Northern Europe,Estonia,2009,726,0.00726
Europe,Northern Europe,Estonia,2010,599,0.00599
Europe,Northern Europe,Estonia,2011,525,0.00525
Europe,Northern Europe,Estonia,2012,457,0.00457
Europe,Northern Europe,Estonia,2013,476,0.00476
Europe,Northern Europe,Estonia,2014,360,0.0036
Europe,Northern Europe,Estonia,2015,337,0.00337
Europe,Northern Europe,Estonia,2017,201,0.00201
Europe,Northern Europe,Finland,2003,2045,0.02045
Europe,Northern Europe,Finland,2004,2017,0.02017
Europe,Northern Europe,Finland,2005,1814,0.01814
Europe,Northern Europe,Finland,2006,1700,0.017
Europe,Northern Europe,Finland,2007,1784,0.01784
Europe,Northern Europe,Finland,2008,1696,0.01696
Europe,Northern Europe,Finland,2009,1640,0.0164
Europe,Northern Europe,Finland,2010,1508,0.01508
Europe,Northern Europe,Finland,2011,1622,0.01622
Europe,Northern Europe,Finland,2012,1616,0.01616
Europe,Northern Europe,Finland,2013,1523,0.01523
Europe,Northern Europe,Finland,2014,1687,0.01687
Europe,Northern Europe,Finland,2015,1548,0.01548
Europe,Northern Europe,Finland,2016,1670,0.0167
Europe,Northern Europe,Finland,2017,1640,0.0164
Europe,Northern Europe,Iceland,2003,39,0.00039
Europe,Northern Europe,Iceland,2004,35,0.00035
Europe,Northern Europe,Iceland,2005,49,0.00049
Europe,Northern Europe,Iceland,2006,50,0.0005
Europe,Northern Europe,Iceland,2007,42,0.00042
Europe,Northern Europe,Iceland,2008,43,0.00043
Europe,Northern Europe,Iceland,2009,60,0.0006
Europe,Northern Europe,Iceland,2010,42,0.00042
Europe,Northern Europe,Iceland,2011,42,0.00042
Europe,Northern Europe,Iceland,2012,50,0.0005
Europe,Northern Europe,Iceland,2013,49,0.00049
Europe,Northern Europe,Iceland,2014,51,0.00051
Europe,Northern Europe,Iceland,2015,53,0.00053
Europe,Northern Europe,Iceland,2016,50,0.0005
Europe,Northern Europe,Iceland,2017,49,0.00049
Europe,Northern Europe,Ireland,2003,1714,0.01714
Europe,Northern Europe,Ireland,2004,2617,0.02617
Europe,Northern Europe,Ireland,2005,2424,0.02424
Europe,Northern Europe,Ireland,2006,2486,0.02486
Europe,Northern Europe,Ireland,2007,2171,0.02171
Europe,Northern Europe,Ireland,2008,2299,0.02299
Europe,Northern Europe,Ireland,2009,2491,0.02491
Europe,Northern Europe,Ireland,2010,3196,0.03196
Europe,Northern Europe,Ireland,2011,2931,0.02931
Europe,Northern Europe,Ireland,2012,2817,0.02817
Europe,Northern Europe,Ireland,2013,2806,0.02806
Europe,Northern Europe,Ireland,2014,2650,0.0265
Europe,Northern Europe,Ireland,2015,2574,0.02574
Europe,Northern Europe,Ireland,2016,2099,0.02099
Europe,Northern Europe,Ireland,2017,2187,0.02187
Europe,Northern Europe,Latvia,2003,2503,0.02503
Europe,Northern Europe,Latvia,2004,2467,0.02467
Europe,Northern Europe,Latvia,2005,2163,0.02163
Europe,Northern Europe,Latvia,2006,2248,0.02248
Europe,Northern Europe,Latvia,2007,1468,0.01468
Europe,Northern Europe,Latvia,2008,1441,0.01441
Europe,Northern Europe,Latvia,2009,1516,0.01516
Europe,Northern Europe,Latvia,2010,1072,0.01072
Europe,Northern Europe,Latvia,2011,1047,0.01047
Europe,Northern Europe,Latvia,2012,943,0.00943
Europe,Northern Europe,Latvia,2013,917,0.00917
Europe,Northern Europe,Latvia,2014,809,0.00809
Europe,Northern Europe,Latvia,2015,779,0.00779
Europe,Northern Europe,Latvia,2016,651,0.00651
Europe,Northern Europe,Latvia,2017,604,0.00604
Europe,Northern Europe,Lithuania,2003,4919,0.04919
Europe,Northern Europe,Lithuania,2004,5323,0.05323
Europe,Northern Europe,Lithuania,2005,5206,0.05206
Europe,Northern Europe,Lithuania,2006,4343,0.04343
Europe,Northern Europe,Lithuania,2007,3802,0.03802
Europe,Northern Europe,Lithuania,2008,3452,0.03452
Europe,Northern Europe,Lithuania,2009,3363,0.03363
Europe,Northern Europe,Lithuania,2010,2727,0.02727
Europe,Northern Europe,Lithuania,2011,2502,0.02502
Europe,Northern Europe,Lithuania,2012,1923,0.01923
Europe,Northern Europe,Lithuania,2013,1866,0.01866
Europe,Northern Europe,Lithuania,2014,1688,0.01688
Europe,Northern Europe,Lithuania,2015,1590,0.0159
Europe,Northern Europe,Lithuania,2016,1342,0.01342
Europe,Northern Europe,Lithuania,2017,1088,0.01088
Europe,Northern Europe,Norway,2003,1437,0.01437
Europe,Northern Europe,Norway,2004,1596,0.01596
Europe,Northern Europe,Norway,2005,1448,0.01448
Europe,Northern Europe,Norway,2006,1388,0.01388
Europe,Northern Europe,Norway,2007,1464,0.01464
Europe,Northern Europe,Norway,2008,1598,0.01598
Europe,Northern Europe,Norway,2009,1776,0.01776
Europe,Northern Europe,Norway,2010,1687,0.01687
Europe,Northern Europe,Norway,2011,1623,0.01623
Europe,Northern Europe,Norway,2012,1484,0.01484
Europe,Northern Europe,Norway,2013,1667,0.01667
Europe,Northern Europe,Norway,2014,1063,0.01063
Europe,Northern Europe,Norway,2015,930,0.0093
Europe,Northern Europe,Norway,2016,810,0.0081
Europe,Northern Europe,Norway,2017,781,0.00781
Europe,Northern Europe,Sweden,2003,8575,0.08575
Europe,Northern Europe,Sweden,2004,8590,0.0859
Europe,Northern Europe,Sweden,2005,9398,0.09398
Europe,Northern Europe,Sweden,2006,8584,0.08584
Europe,Northern Europe,Sweden,2007,8673,0.08673
Europe,Northern Europe,Sweden,2008,8909,0.08909
Europe,Northern Europe,Sweden,2009,9570,0.0957
Europe,Northern Europe,Sweden,2010,9219,0.09219
Europe,Northern Europe,Sweden,2011,9719,0.09719
Europe,Northern Europe,Sweden,2012,9213,0.09213
Europe,Northern Europe,Sweden,2013,8361,0.08361
Europe,Northern Europe,Sweden,2014,8364,0.08364
Europe,Northern Europe,Sweden,2015,8461,0.08461
Europe,Northern Europe,Sweden,2016,8562,0.08562
Europe,Northern Europe,Sweden,2017,8649,0.08649
Europe,Northern Europe,United Kingdom (England and Wales),2003,103736,1.03736
Europe,Northern Europe,United Kingdom (England and Wales),2004,91010,0.9101
Europe,Northern Europe,United Kingdom (England and Wales),2005,98198,0.98198
Europe,Northern Europe,United Kingdom (England and Wales),2006,101376,1.01376
Europe,Northern Europe,United Kingdom (England and Wales),2007,84773,0.84773
Europe,Northern Europe,United Kingdom (England and Wales),2008,80130,0.8013
Europe,Northern Europe,United Kingdom (England and Wales),2009,75105,0.75105
Europe,Northern Europe,United Kingdom (England and Wales),2010,76189,0.76189
Europe,Northern Europe,United Kingdom (England and Wales),2011,74688,0.74688
Europe,Northern Europe,United Kingdom (England and Wales),2012,65155,0.65155
Europe,Northern Europe,United Kingdom (England and Wales),2013,57828,0.57828
Europe,Northern Europe,United Kingdom (England and Wales),2014,50153,0.50153
Europe,Northern Europe,United Kingdom (England and Wales),2015,51133,0.51133
Europe,Northern Europe,United Kingdom (England and Wales),2016,59332,0.59332
Europe,Northern Europe,United Kingdom (England and Wales),2017,77089,0.77089
Europe,Northern Europe,United Kingdom (Northern Ireland),2003,2187,0.02187
Europe,Northern Europe,United Kingdom (Northern Ireland),2004,1531,0.01531
Europe,Northern Europe,United Kingdom (Northern Ireland),2005,1691,0.01691
Europe,Northern Europe,United Kingdom (Northern Ireland),2006,1624,0.01624
Europe,Northern Europe,United Kingdom (Northern Ireland),2007,1267,0.01267
Europe,Northern Europe,United Kingdom (Northern Ireland),2008,1149,0.01149
Europe,Northern Europe,United Kingdom (Northern Ireland),2009,1315,0.01315
Europe,Northern Europe,United Kingdom (Northern Ireland),2010,1349,0.01349
Europe,Northern Europe,United Kingdom (Northern Ireland),2011,1269,0.01269
Europe,Northern Europe,United Kingdom (Northern Ireland),2012,1040,0.0104
Europe,Northern Europe,United Kingdom (Northern Ireland),2013,969,0.00969
Europe,Northern Europe,United Kingdom (Northern Ireland),2014,906,0.00906
Europe,Northern Europe,United Kingdom (Northern Ireland),2015,810,0.0081
Europe,Northern Europe,United Kingdom (Northern Ireland),2016,673,0.00673
Europe,Northern Europe,United Kingdom (Northern Ireland),2017,567,0.00567
Europe,Northern Europe,United Kingdom (Scotland),2003,4159,0.04159
Europe,Northern Europe,United Kingdom (Scotland),2004,3736,0.03736
Europe,Northern Europe,United Kingdom (Scotland),2005,3553,0.03553
Europe,Northern Europe,United Kingdom (Scotland),2006,3578,0.03578
Europe,Northern Europe,United Kingdom (Scotland),2007,3064,0.03064
Europe,Northern Europe,United Kingdom (Scotland),2008,2963,0.02963
Europe,Northern Europe,United Kingdom (Scotland),2009,2496,0.02496
Europe,Northern Europe,United Kingdom (Scotland),2010,2557,0.02557
Europe,Northern Europe,United Kingdom (Scotland),2011,2244,0.02244
Europe,Northern Europe,United Kingdom (Scotland),2012,1832,0.01832
Europe,Northern Europe,United Kingdom (Scotland),2013,1499,0.01499
Europe,Northern Europe,United Kingdom (Scotland),2014,1497,0.01497
Europe,Northern Europe,United Kingdom (Scotland),2015,1327,0.01327
Europe,Northern Europe,United Kingdom (Scotland),2016,1435,0.01435
Europe,Northern Europe,United Kingdom (Scotland),2017,1556,0.01556
Europe,Southern Europe,Albania,2005,199,0.00199
Europe,Southern Europe,Albania,2006,164,0.00164
Europe,Southern Europe,Albania,2007,123,0.00123
Europe,Southern Europe,Albania,2008,144,0.00144
Europe,Southern Europe,Albania,2009,169,0.00169
Europe,Southern Europe,Albania,2010,236,0.00236
Europe,Southern Europe,Albania,2011,268,0.00268
Europe,Southern Europe,Albania,2012,326,0.00326
Europe,Southern Europe,Albania,2013,371,0.00371
Europe,Southern Europe,Albania,2014,297,0.00297
Europe,Southern Europe,Albania,2015,234,0.00234
Europe,Southern Europe,Albania,2016,159,0.00159
Europe,Southern Europe,Albania,2017,184,0.00184
Europe,Southern Europe,Andorra,2007,4,0.00004
Europe,Southern Europe,Andorra,2008,4,0.00004
Europe,Southern Europe,Andorra,2009,12,0.00012
Europe,Southern Europe,Andorra,2010,8,0.00008
Europe,Southern Europe,Andorra,2011,5,0.00005
Europe,Southern Europe,Andorra,2012,6,0.00006
Europe,Southern Europe,Andorra,2013,13,0.00013
Europe,Southern Europe,Andorra,2014,7,0.00007
Europe,Southern Europe,Andorra,2015,8,0.00008
Europe,Southern Europe,Bosnia and Herzegovina,2005,756,0.00756
Europe,Southern Europe,Bosnia and Herzegovina,2006,773,0.00773
Europe,Southern Europe,Bosnia and Herzegovina,2007,796,0.00796
Europe,Southern Europe,Bosnia and Herzegovina,2008,746,0.00746
Europe,Southern Europe,Bosnia and Herzegovina,2011,975,0.00975
Europe,Southern Europe,Bosnia and Herzegovina,2012,1010,0.0101
Europe,Southern Europe,Bosnia and Herzegovina,2013,1103,0.01103
Europe,Southern Europe,Bosnia and Herzegovina,2014,1025,0.01025
Europe,Southern Europe,Bosnia and Herzegovina,2016,1015,0.01015
Europe,Southern Europe,Bosnia and Herzegovina,2017,660,0.0066
Europe,Southern Europe,Croatia,2003,1236,0.01236
Europe,Southern Europe,Croatia,2004,1622,0.01622
Europe,Southern Europe,Croatia,2005,1560,0.0156
Europe,Southern Europe,Croatia,2006,1445,0.01445
Europe,Southern Europe,Croatia,2007,1272,0.01272
Europe,Southern Europe,Croatia,2008,1259,0.01259
Europe,Southern Europe,Croatia,2009,1411,0.01411
Europe,Southern Europe,Croatia,2010,1245,0.01245
Europe,Southern Europe,Croatia,2011,1382,0.01382
Europe,Southern Europe,Croatia,2012,1588,0.01588
Europe,Southern Europe,Croatia,2013,1523,0.01523
Europe,Southern Europe,Croatia,2014,1268,0.01268
Europe,Southern Europe,Croatia,2015,1311,0.01311
Europe,Southern Europe,Croatia,2016,1068,0.01068
Europe,Southern Europe,Croatia,2017,864,0.00864
Europe,Southern Europe,Greece,2003,2320,0.0232
Europe,Southern Europe,Greece,2004,2339,0.02339
Europe,Southern Europe,Greece,2005,2084,0.02084
Europe,Southern Europe,Greece,2006,2463,0.02463
Europe,Southern Europe,Greece,2007,2823,0.02823
Europe,Southern Europe,Greece,2008,3293,0.03293
Europe,Southern Europe,Greece,2009,4715,0.04715
Europe,Southern Europe,Greece,2010,6079,0.06079
Europe,Southern Europe,Greece,2011,6636,0.06636
Europe,Southern Europe,Greece,2012,5992,0.05992
Europe,Southern Europe,Greece,2013,4919,0.04919
Europe,Southern Europe,Greece,2014,3800,0.038
Europe,Southern Europe,Greece,2015,4316,0.04316
Europe,Southern Europe,Greece,2016,4725,0.04725
Europe,Southern Europe,Greece,2017,4271,0.04271
Europe,Southern Europe,Holy See,2009,0,0
Europe,Southern Europe,Holy See,2010,0,0
Europe,Southern Europe,Holy See,2011,0,0
Europe,Southern Europe,Holy See,2012,0,0
Europe,Southern Europe,Holy See,2013,0,0
Europe,Southern Europe,Holy See,2014,0,0
Europe,Southern Europe,Holy See,2015,0,0
Europe,Southern Europe,Italy,2003,41747,0.41747
Europe,Southern Europe,Italy,2004,46265,0.46265
Europe,Southern Europe,Italy,2005,65724,0.65724
Europe,Southern Europe,Italy,2006,71162,0.71162
Europe,Southern Europe,Italy,2007,74130,0.7413
Europe,Southern Europe,Italy,2008,64535,0.64535
Europe,Southern Europe,Italy,2009,50732,0.50732
Europe,Southern Europe,Italy,2010,47996,0.47996
Europe,Southern Europe,Italy,2011,58206,0.58206
Europe,Southern Europe,Italy,2012,62641,0.62641
Europe,Southern Europe,Italy,2013,63770,0.6377
Europe,Southern Europe,Italy,2014,39236,0.39236
Europe,Southern Europe,Italy,2015,35086,0.35086
Europe,Southern Europe,Italy,2016,33422,0.33422
Europe,Southern Europe,Italy,2017,31167,0.31167
Europe,Southern Europe,Kosovo under UNSCR 1244,2008,421,0.00421
Europe,Southern Europe,Kosovo under UNSCR 1244,2009,586,0.00586
Europe,Southern Europe,Kosovo under UNSCR 1244,2010,566,0.00566
Europe,Southern Europe,Kosovo under UNSCR 1244,2011,629,0.00629
Europe,Southern Europe,Kosovo under UNSCR 1244,2012,527,0.00527
Europe,Southern Europe,Kosovo under UNSCR 1244,2013,510,0.0051
Europe,Southern Europe,Kosovo under UNSCR 1244,2014,446,0.00446
Europe,Southern Europe,Kosovo under UNSCR 1244,2015,284,0.00284
Europe,Southern Europe,Kosovo under UNSCR 1244,2016,288,0.00288
Europe,Southern Europe,Kosovo under UNSCR 1244,2017,307,0.00307
Europe,Southern Europe,Malta,2003,195,0.00195
Europe,Southern Europe,Malta,2004,265,0.00265
Europe,Southern Europe,Malta,2005,256,0.00256
Europe,Southern Europe,Malta,2006,222,0.00222
Europe,Southern Europe,Malta,2007,200,0.002
Europe,Southern Europe,Malta,2008,147,0.00147
Europe,Southern Europe,Malta,2009,202,0.00202
Europe,Southern Europe,Malta,2010,196,0.00196
Europe,Southern Europe,Malta,2011,219,0.00219
Europe,Southern Europe,Malta,2012,257,0.00257
Europe,Southern Europe,Malta,2013,207,0.00207
Europe,Southern Europe,Malta,2014,190,0.0019
Europe,Southern Europe,Malta,2015,242,0.00242
Europe,Southern Europe,Montenegro,2003,51,0.00051
Europe,Southern Europe,Montenegro,2004,71,0.00071
Europe,Southern Europe,Montenegro,2005,86,0.00086
Europe,Southern Europe,Montenegro,2006,80,0.0008
Europe,Southern Europe,Montenegro,2007,10,0.0001
Europe,Southern Europe,Montenegro,2008,6,0.00006
Europe,Southern Europe,Montenegro,2009,7,0.00007
Europe,Southern Europe,Montenegro,2010,3,0.00003
Europe,Southern Europe,Montenegro,2011,144,0.00144
Europe,Southern Europe,Montenegro,2012,117,0.00117
Europe,Southern Europe,Montenegro,2013,161,0.00161
Europe,Southern Europe,Montenegro,2014,188,0.00188
Europe,Southern Europe,Montenegro,2015,156,0.00156
Europe,Southern Europe,Montenegro,2016,128,0.00128
Europe,Southern Europe,Montenegro,2017,118,0.00118
Europe,Southern Europe,North Macedonia,2005,709,0.00709
Europe,Southern Europe,North Macedonia,2006,466,0.00466
Europe,Southern Europe,North Macedonia,2007,529,0.00529
Europe,Southern Europe,North Macedonia,2008,458,0.00458
Europe,Southern Europe,North Macedonia,2009,597,0.00597
Europe,Southern Europe,North Macedonia,2010,604,0.00604
Europe,Southern Europe,North Macedonia,2011,513,0.00513
Europe,Southern Europe,North Macedonia,2012,469,0.00469
Europe,Southern Europe,North Macedonia,2013,468,0.00468
Europe,Southern Europe,North Macedonia,2014,305,0.00305
Europe,Southern Europe,North Macedonia,2015,278,0.00278
Europe,Southern Europe,North Macedonia,2016,248,0.00248
Europe,Southern Europe,North Macedonia,2017,417,0.00417
Europe,Southern Europe,Portugal,2003,19767,0.19767
Europe,Southern Europe,Portugal,2004,21051,0.21051
Europe,Southern Europe,Portugal,2005,20218,0.20218
Europe,Southern Europe,Portugal,2006,20914,0.20914
Europe,Southern Europe,Portugal,2007,18483,0.18483
Europe,Southern Europe,Portugal,2008,20854,0.20854
Europe,Southern Europe,Portugal,2009,20472,0.20472
Europe,Southern Europe,Portugal,2010,20442,0.20442
Europe,Southern Europe,Portugal,2011,20372,0.20372
Europe,Southern Europe,Portugal,2012,18514,0.18514
Europe,Southern Europe,Portugal,2013,16590,0.1659
Europe,Southern Europe,Portugal,2014,15594,0.15594
Europe,Southern Europe,Portugal,2015,15472,0.15472
Europe,Southern Europe,Portugal,2016,13313,0.13313
Europe,Southern Europe,Portugal,2017,11885,0.11885
Europe,Southern Europe,Serbia,2005,2985,0.02985
Europe,Southern Europe,Serbia,2006,3793,0.03793
Europe,Southern Europe,Serbia,2007,3761,0.03761
Europe,Southern Europe,Serbia,2008,4082,0.04082
Europe,Southern Europe,Serbia,2009,4593,0.04593
Europe,Southern Europe,Serbia,2010,3620,0.0362
Europe,Southern Europe,Serbia,2011,3548,0.03548
Europe,Southern Europe,Serbia,2012,3791,0.03791
Europe,Southern Europe,Serbia,2013,3852,0.03852
Europe,Southern Europe,Serbia,2014,3232,0.03232
Europe,Southern Europe,Serbia,2015,3034,0.03034
Europe,Southern Europe,Serbia,2016,2422,0.02422
Europe,Southern Europe,Serbia,2017,1829,0.01829
Europe,Southern Europe,Slovenia,2003,349,0.00349
Europe,Southern Europe,Slovenia,2004,398,0.00398
Europe,Southern Europe,Slovenia,2005,429,0.00429
Europe,Southern Europe,Slovenia,2006,525,0.00525
Europe,Southern Europe,Slovenia,2007,450,0.0045
Europe,Southern Europe,Slovenia,2008,386,0.00386
Europe,Southern Europe,Slovenia,2009,481,0.00481
Europe,Southern Europe,Slovenia,2010,463,0.00463
Europe,Southern Europe,Slovenia,2011,403,0.00403
Europe,Southern Europe,Slovenia,2012,391,0.00391
Europe,Southern Europe,Slovenia,2013,377,0.00377
Europe,Southern Europe,Slovenia,2014,297,0.00297
Europe,Southern Europe,Slovenia,2015,232,0.00232
Europe,Southern Europe,Slovenia,2016,226,0.00226
Europe,Southern Europe,Slovenia,2017,238,0.00238
Europe,Southern Europe,Spain,2008,71421,0.71421
Europe,Southern Europe,Spain,2009,65159,0.65159
Europe,Southern Europe,Spain,2010,84411,0.84411
Europe,Southern Europe,Spain,2011,87718,0.87718
Europe,Southern Europe,Spain,2012,96607,0.96607
Europe,Southern Europe,Spain,2013,86034,0.86034
Europe,Southern Europe,Spain,2014,70855,0.70855
Europe,Southern Europe,Spain,2015,64581,0.64581
Europe,Southern Europe,Spain,2016,70645,0.70645
Europe,Southern Europe,Spain,2017,66783,0.66783
Europe,Western Europe,Austria,2004,4798,0.04798
Europe,Western Europe,Austria,2005,4770,0.0477
Europe,Western Europe,Austria,2006,5095,0.05095
Europe,Western Europe,Austria,2007,5030,0.0503
Europe,Western Europe,Austria,2008,4786,0.04786
Europe,Western Europe,Austria,2009,4577,0.04577
Europe,Western Europe,Austria,2010,4310,0.0431
Europe,Western Europe,Austria,2011,4066,0.04066
Europe,Western Europe,Austria,2012,4092,0.04092
Europe,Western Europe,Austria,2013,3737,0.03737
Europe,Western Europe,Austria,2014,3481,0.03481
Europe,Western Europe,Austria,2015,3416,0.03416
Europe,Western Europe,Austria,2016,3103,0.03103
Europe,Western Europe,Belgium,2003,217346,2.17346
Europe,Western Europe,Belgium,2004,197985,1.97985
Europe,Western Europe,Belgium,2005,191585,1.91585
Europe,Western Europe,Belgium,2006,205382,2.05382
Europe,Western Europe,Belgium,2007,201911,2.01911
Europe,Western Europe,Belgium,2008,199159,1.99159
Europe,Western Europe,Belgium,2009,189237,1.89237
Europe,Western Europe,Belgium,2010,23856,0.23856
Europe,Western Europe,Belgium,2011,27341,0.27341
Europe,Western Europe,Belgium,2012,25608,0.25608
Europe,Western Europe,Belgium,2013,22879,0.22879
Europe,Western Europe,Belgium,2014,21928,0.21928
Europe,Western Europe,Belgium,2015,22399,0.22399
Europe,Western Europe,Belgium,2016,20506,0.20506
Europe,Western Europe,Belgium,2017,18954,0.18954
Europe,Western Europe,France,2003,125286,1.25286
Europe,Western Europe,France,2004,119641,1.19641
Europe,Western Europe,France,2005,124600,1.246
Europe,Western Europe,France,2006,127190,1.2719
Europe,Western Europe,France,2007,112885,1.12885
Europe,Western Europe,France,2008,106633,1.06633
Europe,Western Europe,France,2009,112765,1.12765
Europe,Western Europe,France,2010,121038,1.21038
Europe,Western Europe,France,2011,120966,1.20966
Europe,Western Europe,France,2012,123814,1.23814
Europe,Western Europe,France,2013,124657,1.24657
Europe,Western Europe,France,2014,114093,1.14093
Europe,Western Europe,France,2015,104116,1.04116
Europe,Western Europe,France,2016,104439,1.04439
Europe,Western Europe,France,2017,100080,1.0008
Europe,Western Europe,Germany,2003,59782,0.59782
Europe,Western Europe,Germany,2004,59732,0.59732
Europe,Western Europe,Germany,2005,54841,0.54841
Europe,Western Europe,Germany,2006,53696,0.53696
Europe,Western Europe,Germany,2007,52949,0.52949
Europe,Western Europe,Germany,2008,49913,0.49913
Europe,Western Europe,Germany,2009,49317,0.49317
Europe,Western Europe,Germany,2010,48166,0.48166
Europe,Western Europe,Germany,2011,48021,0.48021
Europe,Western Europe,Germany,2012,48711,0.48711
Europe,Western Europe,Germany,2013,47234,0.47234
Europe,Western Europe,Germany,2014,45475,0.45475
Europe,Western Europe,Germany,2015,44666,0.44666
Europe,Western Europe,Germany,2016,43009,0.43009
Europe,Western Europe,Germany,2017,38849,0.38849
Europe,Western Europe,Liechtenstein,2003,4,0.00004
Europe,Western Europe,Liechtenstein,2004,2,0.00002
Europe,Western Europe,Liechtenstein,2005,1,0.00001
Europe,Western Europe,Liechtenstein,2006,4,0.00004
Europe,Western Europe,Liechtenstein,2007,5,0.00005
Europe,Western Europe,Liechtenstein,2008,1,0.00001
Europe,Western Europe,Liechtenstein,2009,2,0.00002
Europe,Western Europe,Liechtenstein,2010,2,0.00002
Europe,Western Europe,Liechtenstein,2011,1,0.00001
Europe,Western Europe,Liechtenstein,2012,5,0.00005
Europe,Western Europe,Liechtenstein,2013,1,0.00001
Europe,Western Europe,Liechtenstein,2014,1,0.00001
Europe,Western Europe,Liechtenstein,2015,3,0.00003
Europe,Western Europe,Liechtenstein,2016,4,0.00004
Europe,Western Europe,Luxembourg,2006,313,0.00313
Europe,Western Europe,Luxembourg,2007,396,0.00396
Europe,Western Europe,Luxembourg,2008,326,0.00326
Europe,Western Europe,Luxembourg,2009,418,0.00418
Europe,Western Europe,Luxembourg,2010,377,0.00377
Europe,Western Europe,Luxembourg,2011,398,0.00398
Europe,Western Europe,Luxembourg,2012,527,0.00527
Europe,Western Europe,Luxembourg,2013,582,0.00582
Europe,Western Europe,Luxembourg,2014,615,0.00615
Europe,Western Europe,Luxembourg,2015,554,0.00554
Europe,Western Europe,Luxembourg,2016,459,0.00459
Europe,Western Europe,Luxembourg,2017,454,0.00454
Europe,Western Europe,Monaco,2003,2,0.00002
Europe,Western Europe,Monaco,2005,7,0.00007
Europe,Western Europe,Monaco,2006,4,0.00004
Europe,Western Europe,Monaco,2014,18,0.00018
Europe,Western Europe,Monaco,2015,12,0.00012
Europe,Western Europe,Netherlands,2003,20700,0.207
Europe,Western Europe,Netherlands,2004,18300,0.183
Europe,Western Europe,Netherlands,2005,16445,0.16445
Europe,Western Europe,Netherlands,2006,14485,0.14485
Europe,Western Europe,Netherlands,2007,13660,0.1366
Europe,Western Europe,Netherlands,2008,13175,0.13175
Europe,Western Europe,Netherlands,2009,16265,0.16265
Europe,Western Europe,Netherlands,2010,16125,0.16125
Europe,Western Europe,Netherlands,2011,15390,0.1539
Europe,Western Europe,Netherlands,2012,14765,0.14765
Europe,Western Europe,Netherlands,2013,13346,0.13346
Europe,Western Europe,Netherlands,2014,10451,0.10451
Europe,Western Europe,Netherlands,2015,9733,0.09733
Europe,Western Europe,Netherlands,2016,8987,0.08987
Europe,Western Europe,Netherlands,2017,8037,0.08037
Europe,Western Europe,Switzerland,2003,4344,0.04344
Europe,Western Europe,Switzerland,2004,2933,0.02933
Europe,Western Europe,Switzerland,2005,3977,0.03977
Europe,Western Europe,Switzerland,2006,4088,0.04088
Europe,Western Europe,Switzerland,2007,4481,0.04481
Europe,Western Europe,Switzerland,2008,4220,0.0422
Europe,Western Europe,Switzerland,2009,5027,0.05027
Europe,Western Europe,Switzerland,2010,4406,0.04406
Europe,Western Europe,Switzerland,2011,5236,0.05236
Europe,Western Europe,Switzerland,2012,6076,0.06076
Europe,Western Europe,Switzerland,2013,3196,0.03196
Europe,Western Europe,Switzerland,2014,2367,0.02367
Europe,Western Europe,Switzerland,2015,1859,0.01859
Europe,Western Europe,Switzerland,2016,1876,0.01876
Europe,Western Europe,Switzerland,2017,1746,0.01746
Oceania,Australia and New Zealand,Australia,2010,14634,0.14634
Oceania,Australia and New Zealand,Australia,2011,13650,0.1365
Oceania,Australia and New Zealand,Australia,2012,13161,0.13161
Oceania,Australia and New Zealand,Australia,2013,11711,0.11711
Oceania,Australia and New Zealand,Australia,2014,9893,0.09893
Oceania,Australia and New Zealand,Australia,2015,8968,0.08968
Oceania,Australia and New Zealand,Australia,2016,9412,0.09412
Oceania,Australia and New Zealand,Australia,2017,9599,0.09599
Oceania,Australia and New Zealand,New Zealand,2005,2322,0.02322
Oceania,Australia and New Zealand,New Zealand,2006,2916,0.02916
Oceania,Australia and New Zealand,New Zealand,2007,2752,0.02752
Oceania,Australia and New Zealand,New Zealand,2008,2657,0.02657
Oceania,Australia and New Zealand,New Zealand,2009,2665,0.02665
Oceania,Australia and New Zealand,New Zealand,2010,2492,0.02492
Oceania,Australia and New Zealand,New Zealand,2011,2340,0.0234
Oceania,Australia and New Zealand,New Zealand,2012,2086,0.02086
Oceania,Australia and New Zealand,New Zealand,2013,2032,0.02032
Oceania,Australia and New Zealand,New Zealand,2014,2016,0.02016
Oceania,Australia and New Zealand,New Zealand,2015,3032,0.03032
Oceania,Australia and New Zealand,New Zealand,2016,3627,0.03627
Oceania,Australia and New Zealand,New Zealand,2017,3742,0.03742
Oceania,Melanesia,Solomon Islands,2004,121,0.00121
Oceania,Melanesia,Solomon Islands,2005,24,0.00024
Oceania,Melanesia,Solomon Islands,2006,29,0.00029
Oceania,Melanesia,Solomon Islands,2007,64,0.00064
Oceania,Melanesia,Solomon Islands,2008,52,0.00052
